firstName,lastName,email,skills,phoneNumber,status,recruiterId
John,Doe,john.doe@gmail.com,HTML|CSS|JavaScript|React,9876543210,Active,67adb18588ba18dbaa5bbe51
Jane,Smith,jane.smith@gmail.com,Python|Django|Machine Learning,9876543211,Active,67adb18588ba18dbaa5bbe51
Mike,Johnson,mike.johnson@gmail.com,Java|Spring Boot|Microservices,9876543212,Inactive,67adb18588ba18dbaa5bbe51
Emily,Davis,emily.davis@gmail.com,C++|Data Structures|Algorithms,9876543213,Active,67adb18588ba18dbaa5bbe51
David,Wilson,david.wilson@gmail.com,Ruby|Rails|PostgreSQL,9876543214,Inactive,67adb18588ba18dbaa5bbe51
Sophia,Brown,sophia.brown@gmail.com,Node.js|Express|MongoDB,9876543215,Active,67adb18588ba18dbaa5bbe51
Chris,White,chris.white@gmail.com,Angular|TypeScript|RxJS,9876543216,Inactive,67adb18588ba18dbaa5bbe51
Lisa,Martinez,lisa.martinez@gmail.com,PHP|Laravel|MySQL,9876543217,Active,67adb18588ba18dbaa5bbe51
Tom,Anderson,tom.anderson@gmail.com,Swift|iOS|Xcode,9876543218,Inactive,67adb18588ba18dbaa5bbe51
Emma,Garcia,emma.garcia@gmail.com,Kotlin|Android|Jetpack,9876543219,Active,67adb18588ba18dbaa5bbe51
